[
    {
        "id_reg": 4,
        "id_dist": 7,
        "name": "РЕСПУБЛИКА АЛТАЙ"
    },
    {
        "id_reg": 1,
        "id_dist": 3,
        "name": "РЕСПУБЛИКА АДЫГЕЯ"
    },
    {
        "id_reg": 2,
        "id_dist": 5,
        "name": "РЕСПУБЛИКА БАШКОРТОСТАН"
    },
    {
        "id_reg": 3,
        "id_dist": 8,
        "name": "РЕСПУБЛИКА БУРЯТИЯ"
    },
    {
        "id_reg": 5,
        "id_dist": 4,
        "name": "РЕСПУБЛИКА ДАГЕСТАН"
    },
    {
        "id_reg": 80,
        "id_dist": 3,
        "name": "ДОНЕЦКАЯ НАРОДНАЯ РЕСПУБЛИКА"
    },
    {
        "id_reg": 6,
        "id_dist": 4,
        "name": "РЕСПУБЛИКА ИНГУШЕТИЯ"
    },
    {
        "id_reg": 7,
        "id_dist": 4,
        "name": "КАБАРДИНО-БАЛКАРСКАЯ РЕСПУБЛИКА"
    },
    {
        "id_reg": 8,
        "id_dist": 3,
        "name": "РЕСПУБЛИКА КАЛМЫКИЯ"
    },
    {
        "id_reg": 9,
        "id_dist": 4,
        "name": "КАРАЧАЕВО-ЧЕРКЕССКАЯ РЕСПУБЛИКА"
    },
    {
        "id_reg": 10,
        "id_dist": 2,
        "name": "РЕСПУБЛИКА КАРЕЛИЯ"
    },
    {
        "id_reg": 11,
        "id_dist": 2,
        "name": "РЕСПУБЛИКА КОМИ"
    },
    {
        "id_reg": 91,
        "id_dist": 3,
        "name": "РЕСПУБЛИКА КРЫМ"
    },
    {
        "id_reg": 81,
        "id_dist": 3,
        "name": "ЛУГАНСКАЯ НАРОДНАЯ РЕСПУБЛИКА"
    },
    {
        "id_reg": 12,
        "id_dist": 5,
        "name": "РЕСПУБЛИКА МАРИЙ ЭЛ"
    },
    {
        "id_reg": 13,
        "id_dist": 5,
        "name": "РЕСПУБЛИКА МОРДОВИЯ"
    },
    {
        "id_reg": 14,
        "id_dist": 8,
        "name": "РЕСПУБЛИКА САХА (ЯКУТИЯ}"
    },
    {
        "id_reg": 15,
        "id_dist": 4,
        "name": "РЕСПУБЛИКА СЕВЕРНАЯ ОСЕТИЯ - АЛАНИЯ"
    },
    {
        "id_reg": 16,
        "id_dist": 5,
        "name": "РЕСПУБЛИКА ТАТАРСТАН"
    },
    {
        "id_reg": 17,
        "id_dist": 7,
        "name": "РЕСПУБЛИКА ТЫВА"
    },
    {
        "id_reg": 18,
        "id_dist": 5,
        "name": "УДМУРТСКАЯ РЕСПУБЛИКА"
    },
    {
        "id_reg": 19,
        "id_dist": 7,
        "name": "РЕСПУБЛИКА ХАКАСИЯ"
    },
    {
        "id_reg": 20,
        "id_dist": 4,
        "name": "ЧЕЧЕНСКАЯ РЕСПУБЛИКА"
    },
    {
        "id_reg": 21,
        "id_dist": 5,
        "name": "ЧУВАШСКАЯ РЕСПУБЛИКА - ЧУВАШИЯ"
    },
    {
        "id_reg": 22,
        "id_dist": 7,
        "name": "АЛТАЙСКИЙ КРАЙ"
    },
    {
        "id_reg": 75,
        "id_dist": 8,
        "name": "ЗАБАЙКАЛЬСКИЙ КРАЙ"
    },
    {
        "id_reg": 41,
        "id_dist": 8,
        "name": "КАМЧАТСКИЙ КРАЙ"
    },
    {
        "id_reg": 23,
        "id_dist": 3,
        "name": "КРАСНОДАРСКИЙ КРАЙ"
    },
    {
        "id_reg": 24,
        "id_dist": 7,
        "name": "КРАСНОЯРСКИЙ КРАЙ"
    },
    {
        "id_reg": 59,
        "id_dist": 5,
        "name": "ПЕРМСКИЙ КРАЙ"
    },
    {
        "id_reg": 25,
        "id_dist": 8,
        "name": "ПРИМОРСКИЙ КРАЙ"
    },
    {
        "id_reg": 26,
        "id_dist": 4,
        "name": "СТАВРОПОЛЬСКИЙ КРАЙ"
    },
    {
        "id_reg": 27,
        "id_dist": 8,
        "name": "ХАБАРОВСКИЙ КРАЙ"
    },
    {
        "id_reg": 28,
        "id_dist": 8,
        "name": "АМУРСКАЯ ОБЛАСТЬ"
    },
    {
        "id_reg": 29,
        "id_dist": 2,
        "name": "АРХАНГЕЛЬСКАЯ ОБЛАСТЬ"
    },
    {
        "id_reg": 30,
        "id_dist": 3,
        "name": "АСТРАХАНСКАЯ ОБЛАСТЬ"
    },
    {
        "id_reg": 31,
        "id_dist": 1,
        "name": "БЕЛГОРОДСКАЯ ОБЛАСТЬ"
    },
    {
        "id_reg": 32,
        "id_dist": 1,
        "name": "БРЯНСКАЯ ОБЛАСТЬ"
    },
    {
        "id_reg": 33,
        "id_dist": 1,
        "name": "ВЛАДИМИРСКАЯ ОБЛАСТЬ"
    },
    {
        "id_reg": 34,
        "id_dist": 3,
        "name": "ВОЛГОГРАДСКАЯ ОБЛАСТЬ"
    },
    {
        "id_reg": 35,
        "id_dist": 2,
        "name": "ВОЛОГОДСКАЯ ОБЛАСТЬ"
    },
    {
        "id_reg": 36,
        "id_dist": 1,
        "name": "ВОРОНЕЖСКАЯ ОБЛАСТЬ"
    },
    {
        "id_reg": 85,
        "id_dist": 3,
        "name": "ЗАПОРОЖСКАЯ ОБЛАСТЬ"
    },
    {
        "id_reg": 37,
        "id_dist": 1,
        "name": "ИВАНОВСКАЯ ОБЛАСТЬ"
    },
    {
        "id_reg": 38,
        "id_dist": 7,
        "name": "ИРКУТСКАЯ ОБЛАСТЬ"
    },
    {
        "id_reg": 39,
        "id_dist": 2,
        "name": "КАЛИНИНГРАДСКАЯ ОБЛАСТЬ"
    },
    {
        "id_reg": 40,
        "id_dist": 1,
        "name": "КАЛУЖСКАЯ ОБЛАСТЬ"
    },
    {
        "id_reg": 42,
        "id_dist": 7,
        "name": "КЕМЕРОВСКАЯ ОБЛАСТЬ - КУЗБАСС"
    },
    {
        "id_reg": 43,
        "id_dist": 5,
        "name": "КИРОВСКАЯ ОБЛАСТЬ"
    },
    {
        "id_reg": 44,
        "id_dist": 1,
        "name": "КОСТРОМСКАЯ ОБЛАСТЬ"
    },
    {
        "id_reg": 45,
        "id_dist": 6,
        "name": "КУРГАНСКАЯ ОБЛАСТЬ"
    },
    {
        "id_reg": 46,
        "id_dist": 1,
        "name": "КУРСКАЯ ОБЛАСТЬ"
    },
    {
        "id_reg": 47,
        "id_dist": 2,
        "name": "ЛЕНИНГРАДСКАЯ ОБЛАСТЬ"
    },
    {
        "id_reg": 48,
        "id_dist": 1,
        "name": "ЛИПЕЦКАЯ ОБЛАСТЬ"
    },
    {
        "id_reg": 49,
        "id_dist": 8,
        "name": "МАГАДАНСКАЯ ОБЛАСТЬ"
    },
    {
        "id_reg": 50,
        "id_dist": 1,
        "name": "МОСКОВСКАЯ ОБЛАСТЬ"
    },
    {
        "id_reg": 51,
        "id_dist": 2,
        "name": "МУРМАНСКАЯ ОБЛАСТЬ"
    },
    {
        "id_reg": 52,
        "id_dist": 5,
        "name": "НИЖЕГОРОДСКАЯ ОБЛАСТЬ"
    },
    {
        "id_reg": 53,
        "id_dist": 2,
        "name": "НОВГОРОДСКАЯ ОБЛАСТЬ"
    },
    {
        "id_reg": 54,
        "id_dist": 7,
        "name": "НОВОСИБИРСКАЯ ОБЛАСТЬ"
    },
    {
        "id_reg": 55,
        "id_dist": 7,
        "name": "ОМСКАЯ ОБЛАСТЬ"
    },
    {
        "id_reg": 56,
        "id_dist": 5,
        "name": "ОРЕНБУРГСКАЯ ОБЛАСТЬ"
    },
    {
        "id_reg": 57,
        "id_dist": 1,
        "name": "ОРЛОВСКАЯ ОБЛАСТЬ"
    },
    {
        "id_reg": 58,
        "id_dist": 5,
        "name": "ПЕНЗЕНСКАЯ ОБЛАСТЬ"
    },
    {
        "id_reg": 60,
        "id_dist": 2,
        "name": "ПСКОВСКАЯ ОБЛАСТЬ"
    },
    {
        "id_reg": 61,
        "id_dist": 3,
        "name": "РОСТОВСКАЯ ОБЛАСТЬ"
    },
    {
        "id_reg": 62,
        "id_dist": 1,
        "name": "РЯЗАНСКАЯ ОБЛАСТЬ"
    },
    {
        "id_reg": 63,
        "id_dist": 5,
        "name": "САМАРСКАЯ ОБЛАСТЬ"
    },
    {
        "id_reg": 64,
        "id_dist": 5,
        "name": "САРАТОВСКАЯ ОБЛАСТЬ"
    },
    {
        "id_reg": 65,
        "id_dist": 8,
        "name": "САХАЛИНСКАЯ ОБЛАСТЬ"
    },
    {
        "id_reg": 66,
        "id_dist": 6,
        "name": "СВЕРДЛОВСКАЯ ОБЛАСТЬ"
    },
    {
        "id_reg": 67,
        "id_dist": 1,
        "name": "СМОЛЕНСКАЯ ОБЛАСТЬ"
    },
    {
        "id_reg": 68,
        "id_dist": 1,
        "name": "ТАМБОВСКАЯ ОБЛАСТЬ"
    },
    {
        "id_reg": 69,
        "id_dist": 1,
        "name": "ТВЕРСКАЯ ОБЛАСТЬ"
    },
    {
        "id_reg": 70,
        "id_dist": 7,
        "name": "ТОМСКАЯ ОБЛАСТЬ"
    },
    {
        "id_reg": 71,
        "id_dist": 1,
        "name": "ТУЛЬСКАЯ ОБЛАСТЬ"
    },
    {
        "id_reg": 72,
        "id_dist": 6,
        "name": "ТЮМЕНСКАЯ ОБЛАСТЬ"
    },
    {
        "id_reg": 73,
        "id_dist": 5,
        "name": "УЛЬЯНОВСКАЯ ОБЛАСТЬ"
    },
    {
        "id_reg": 84,
        "id_dist": 3,
        "name": "ХЕРСОНСКАЯ ОБЛАСТЬ"
    },
    {
        "id_reg": 74,
        "id_dist": 6,
        "name": "ЧЕЛЯБИНСКАЯ ОБЛАСТЬ"
    },
    {
        "id_reg": 76,
        "id_dist": 1,
        "name": "ЯРОСЛАВСКАЯ ОБЛАСТЬ"
    },
    {
        "id_reg": 77,
        "id_dist": 1,
        "name": "МОСКВА"
    },
    {
        "id_reg": 78,
        "id_dist": 2,
        "name": "САНКТ-ПЕТЕРБУРГ"
    },
    {
        "id_reg": 92,
        "id_dist": 3,
        "name": "СЕВАСТОПОЛЬ"
    },
    {
        "id_reg": 79,
        "id_dist": 8,
        "name": "ЕВРЕЙСКАЯ АВТОНОМНАЯ ОБЛАСТЬ"
    },
    {
        "id_reg": 83,
        "id_dist": 2,
        "name": "НЕНЕЦКИЙ АВТОНОМНЫЙ ОКРУГ"
    },
    {
        "id_reg": 86,
        "id_dist": 6,
        "name": "ХАНТЫ-МАНСИЙСКИЙ АВТОНОМНЫЙ ОКРУГ - ЮГРА"
    },
    {
        "id_reg": 87,
        "id_dist": 8,
        "name": "ЧУКОТСКИЙ АВТОНОМНЫЙ ОКРУГ"
    },
    {
        "id_reg": 89,
        "id_dist": 6,
        "name": "ЯМАЛО-НЕНЕЦКИЙ АВТОНОМНЫЙ ОКРУГ"
    }
]