[{"id":1,"name":"Республика Адыгея","code":"region01","checked":false},{"id":2,"name":"Республика Алтай","code":"region04","checked":false},{"id":3,"name":"Республика Башкортостан","code":"region02","checked":false},{"id":4,"name":"Республика Бурятия","code":"region03","checked":false},{"id":5,"name":"Республика Дагестан","code":"region05","checked":false},{"id":6,"name":"Донецкая Народная Республика","code":"region80","checked":false},{"id":7,"name":"Республика Ингушетия","code":"region06","checked":false},{"id":8,"name":"Кабардино-Балкарская Республика","code":"region07","checked":false},{"id":9,"name":"Республика Калмыкия","code":"region08","checked":false},{"id":10,"name":"Карачаево-Черкесская Республика","code":"region09","checked":false},{"id":11,"name":"Республика Карелия","code":"region10","checked":false},{"id":12,"name":"Республика Коми","code":"region11","checked":false},{"id":13,"name":"Республика Крым","code":"region91","checked":false},{"id":14,"name":"Луганская Народная Республика","code":"region81","checked":false},{"id":15,"name":"Республика Марий Эл","code":"region12","checked":false},{"id":16,"name":"Республика Мордовия","code":"region13","checked":false},{"id":17,"name":"Республика Саха (Якутия)","code":"region14","checked":false},{"id":18,"name":"Республика Северная Осетия - Алания","code":"region15","checked":false},{"id":19,"name":"Республика Татарстан","code":"region16","checked":false},{"id":20,"name":"Республика Тыва","code":"region17","checked":false},{"id":21,"name":"Удмуртская Республика","code":"region18","checked":false},{"id":22,"name":"Республика Хакасия","code":"region19","checked":false},{"id":23,"name":"Чеченская Республика","code":"region20","checked":false},{"id":24,"name":"Чувашская Республика - Чувашия","code":"region21","checked":false},{"id":25,"name":"Алтайский край","code":"region22","checked":false},{"id":26,"name":"Забайкальский край","code":"region75","checked":false},{"id":27,"name":"Камчатский край","code":"region41","checked":false},{"id":28,"name":"Краснодарский край","code":"region23","checked":false},{"id":29,"name":"Красноярский край","code":"region24","checked":false},{"id":30,"name":"Пермский край","code":"region59","checked":false},{"id":31,"name":"Приморский край","code":"region25","checked":false},{"id":32,"name":"Ставропольский край","code":"region26","checked":false},{"id":33,"name":"Хабаровский край","code":"region27","checked":false},{"id":34,"name":"Амурская область","code":"region28","checked":false},{"id":35,"name":"Архангельская область","code":"region29","checked":false},{"id":36,"name":"Астраханская область","code":"region30","checked":false},{"id":37,"name":"Белгородская область","code":"region31","checked":false},{"id":38,"name":"Брянская область","code":"region32","checked":false},{"id":39,"name":"Владимирская область","code":"region33","checked":false},{"id":40,"name":"Волгоградская область","code":"region34","checked":false},{"id":41,"name":"Вологодская область","code":"region35","checked":false},{"id":42,"name":"Воронежская область","code":"region36","checked":false},{"id":43,"name":"Запорожская область","code":"region85","checked":false},{"id":44,"name":"Ивановская область","code":"region37","checked":false},{"id":45,"name":"Иркутская область","code":"region38","checked":false},{"id":46,"name":"Калининградская область","code":"region39","checked":false},{"id":47,"name":"Калужская область","code":"region40","checked":false},{"id":48,"name":"Кемеровская область - Кузбасс","code":"region42","checked":false},{"id":49,"name":"Кировская область","code":"region43","checked":false},{"id":50,"name":"Костромская область","code":"region44","checked":false},{"id":51,"name":"Курганская область","code":"region45","checked":false},{"id":52,"name":"Курская область","code":"region46","checked":false},{"id":53,"name":"Ленинградская область","code":"region47","checked":false},{"id":54,"name":"Липецкая область","code":"region48","checked":false},{"id":55,"name":"Магаданская область","code":"region49","checked":false},{"id":56,"name":"Московская область","code":"region50","checked":false},{"id":57,"name":"Мурманская область","code":"region51","checked":false},{"id":58,"name":"Нижегородская область","code":"region52","checked":false},{"id":59,"name":"Новгородская область","code":"region53","checked":false},{"id":60,"name":"Новосибирская область","code":"region54","checked":false},{"id":61,"name":"Омская область","code":"region55","checked":false},{"id":62,"name":"Оренбургская область","code":"region56","checked":false},{"id":63,"name":"Орловская область","code":"region57","checked":false},{"id":64,"name":"Пензенская область","code":"region58","checked":false},{"id":65,"name":"Псковская область","code":"region60","checked":false},{"id":66,"name":"Ростовская область","code":"region61","checked":false},{"id":67,"name":"Рязанская область","code":"region62","checked":false},{"id":68,"name":"Самарская область","code":"region63","checked":false},{"id":69,"name":"Саратовская область","code":"region64","checked":false},{"id":70,"name":"Сахалинская область","code":"region65","checked":false},{"id":71,"name":"Свердловская область","code":"region66","checked":false},{"id":72,"name":"Смоленская область","code":"region67","checked":false},{"id":73,"name":"Тамбовская область","code":"region68","checked":false},{"id":74,"name":"Тверская область","code":"region69","checked":false},{"id":75,"name":"Томская область","code":"region70","checked":false},{"id":76,"name":"Тульская область","code":"region71","checked":false},{"id":77,"name":"Тюменская область","code":"region72","checked":false},{"id":78,"name":"Ульяновская область","code":"region73","checked":false},{"id":79,"name":"Херсонская область","code":"region84","checked":false},{"id":80,"name":"Челябинская область","code":"region74","checked":false},{"id":81,"name":"Ярославская область","code":"region76","checked":false},{"id":82,"name":"Москва","code":"region77","checked":false},{"id":83,"name":"Санкт-Петербург","code":"region78","checked":false},{"id":84,"name":"Севастополь","code":"region92","checked":false},{"id":85,"name":"Еврейская автономная область","code":"region79","checked":false},{"id":86,"name":"Ненецкий автономный округ","code":"region83","checked":false},{"id":87,"name":"Ханты-Мансийский автономный округ - Югра","code":"region86","checked":false},{"id":88,"name":"Чукотский автономный округ","code":"region87","checked":false},{"id":89,"name":"Ямало-Ненецкий автономный округ","code":"region89","checked":false}]