{
    "count": 1093919,
    "regions": [
        {
            "region_name": "Алтайский край",
            "count": 21374,
            "stat": [
                { "name": "Закон", "count": 1069 },
                { "name": "Постановление", "count": 4218 },
                { "name": "Приказ", "count": 10669 },
                { "name": "Распоряжение", "count": 56 },
                { "name": "Решение", "count": 4331 },
                { "name": "Сообщение о принятии Решения", "count": 10 },
                { "name": "Указ", "count": 1021 }
            ]
        },
        {
            "region_name": "Амурская область",
            "count": 12892,
            "stat": [
                { "name": "Апелляционное определение", "count": 1 },
                { "name": "Закон", "count": 1492 },
                { "name": "Постановление", "count": 10243 },
                { "name": "Приказ", "count": 898 },
                { "name": "Распоряжение", "count": 231 },
                { "name": "Решение", "count": 16 },
                { "name": "Сообщение о принятии Решения", "count": 11 }
            ]
        },
        {
            "region_name": "Архангельская область",
            "count": 19611,
            "stat": [
                { "name": "Областной закон", "count": 1182 },
                { "name": "Постановление", "count": 17211 },
                { "name": "Сообщение о принятии Решения", "count": 82 },
                { "name": "Указ", "count": 1136 }
            ]
        },
        {
            "region_name": "Астраханская область",
            "count": 11359,
            "stat": [
                { "name": "Закон", "count": 955 },
                { "name": "Постановление", "count": 10200 },
                { "name": "Приказ", "count": 8 },
                { "name": "Распоряжение", "count": 195 },
                { "name": "Устав", "count": 1 }
            ]
        },
        {
            "region_name": "Белгородская область",
            "count": 7696,
            "stat": [
                { "name": "Закон", "count": 871 },
                { "name": "Постановление", "count": 6539 },
                { "name": "Приказ", "count": 283 },
                { "name": "Распоряжение", "count": 3 }
            ]
        },
        {
            "region_name": "Брянская область",
            "count": 17869,
            "stat": [
                { "name": "Закон", "count": 1098 },
                { "name": "Постановление", "count": 6350 },
                { "name": "Приказ", "count": 7312 },
                { "name": "Распоряжение", "count": 1135 },
                { "name": "Указ", "count": 1974 }
            ]
        },
        {
            "region_name": "Владимирская область",
            "count": 18663,
            "stat": [
                { "name": "Закон", "count": 1475 },
                { "name": "Постановление", "count": 14138 },
                { "name": "Приказ", "count": 1093 },
                { "name": "Распоряжение", "count": 373 },
                { "name": "Сообщение о судебном Решении", "count": 1 },
                { "name": "Указ", "count": 1583 }
            ]
        },
        {
            "region_name": "Волгоградская область",
            "count": 25882,
            "stat": [
                { "name": "Закон", "count": 1237 },
                { "name": "Постановление", "count": 8573 },
                { "name": "Приказ", "count": 16004 },
                { "name": "Распоряжение", "count": 68 }
            ]
        },
        {
            "region_name": "Вологодская область",
            "count": 23037,
            "stat": [
                { "name": "Закон", "count": 1885 },
                { "name": "Постановление", "count": 11676 },
                { "name": "Приказ", "count": 9465 },
                { "name": "Распоряжение", "count": 11 }
            ]
        },
        {
            "region_name": "Воронежская область",
            "count": 22204,
            "stat": [
                { "name": "Закон", "count": 1596 },
                { "name": "Постановление", "count": 7161 },
                { "name": "Приказ", "count": 11124 },
                { "name": "Решение", "count": 4 },
                { "name": "Указ", "count": 2318 },
                { "name": "Устав", "count": 1 }
            ]
        },
        {
            "region_name": "Еврейская автономная область",
            "count": 8710,
            "stat": [
                { "name": "Закон", "count": 1332 },
                { "name": "Постановление", "count": 5952 },
                { "name": "Распоряжение", "count": 1426 }
            ]
        },
        {
            "region_name": "Забайкальский край",
            "count": 9485,
            "stat": [
                { "name": "Апелляционное определение", "count": 1 },
                { "name": "Закон", "count": 1170 },
                { "name": "Постановление", "count": 6312 },
                { "name": "Приказ", "count": 1795 },
                { "name": "Распоряжение", "count": 188 },
                { "name": "Сообщение о принятии Решения", "count": 19 }
            ]
        },
        {
            "region_name": "Ивановская область",
            "count": 8347,
            "stat": [
                { "name": "Закон", "count": 926 },
                { "name": "Постановление", "count": 5548 },
                { "name": "Приказ", "count": 254 },
                { "name": "Сообщение о принятии Решения", "count": 6 },
                { "name": "Указ", "count": 1613 }
            ]
        },
        {
            "region_name": "Иркутская область",
            "count": 26375,
            "stat": [
                { "name": "Апелляционное определение", "count": 16 },
                { "name": "Закон", "count": 1226 },
                { "name": "Закон о поправках к Уставу", "count": 7 },
                { "name": "Постановление", "count": 9512 },
                { "name": "Приказ", "count": 14305 },
                { "name": "Сообщение о принятии Решения", "count": 19 },
                { "name": "Указ", "count": 1290 }
            ]
        },
        {
            "region_name": "Кабардино-Балкарская Республика",
            "count": 4143,
            "stat": [
                { "name": "Закон", "count": 477 },
                { "name": "Постановление", "count": 2452 },
                { "name": "Приказ", "count": 310 },
                { "name": "Распоряжение", "count": 76 },
                { "name": "Соглашение", "count": 1 },
                { "name": "Указ", "count": 827 }
            ]
        },
        {
            "region_name": "Калининградская область",
            "count": 17851,
            "stat": [
                { "name": "Закон", "count": 961 },
                { "name": "Постановление", "count": 6118 },
                { "name": "Приказ", "count": 9505 },
                { "name": "Распоряжение", "count": 285 },
                { "name": "Указ", "count": 887 },
                { "name": "Уставный закон", "count": 95 }
            ]
        },
        {
            "region_name": "Калужская область",
            "count": 16721,
            "stat": [
                { "name": "Закон", "count": 1118 },
                { "name": "Постановление", "count": 11888 },
                { "name": "Приказ", "count": 3628 },
                { "name": "Распоряжение", "count": 87 }
            ]
        },
        {
            "region_name": "Камчатский край",
            "count": 13639,
            "stat": [
                { "name": "Апелляционное определение", "count": 15 },
                { "name": "Закон", "count": 1271 },
                { "name": "Постановление", "count": 8730 },
                { "name": "Приказ", "count": 3603 },
                { "name": "Распоряжение", "count": 14 },
                { "name": "Сообщение о принятии Решения", "count": 6 }
            ]
        },
        {
            "region_name": "Карачаево-Черкесская Республика",
            "count": 3464,
            "stat": [
                { "name": "Закон", "count": 858 },
                { "name": "Конституционный закон", "count": 4 },
                { "name": "Постановление", "count": 1836 },
                { "name": "Приказ", "count": 275 },
                { "name": "Распоряжение", "count": 18 },
                { "name": "Сообщение о принятии Решения", "count": 1 },
                { "name": "Указ", "count": 472 }
            ]
        },
        {
            "region_name": "Кемеровская область - Кузбасс",
            "count": 12271,
            "stat": [
                { "name": "Закон", "count": 1251 },
                { "name": "Постановление", "count": 9814 },
                { "name": "Приказ", "count": 1060 },
                { "name": "Распоряжение", "count": 144 },
                { "name": "Решение", "count": 1 },
                { "name": "Сообщение о принятии Решения", "count": 1 }
            ]
        },
        {
            "region_name": "Кировская область",
            "count": 13573,
            "stat": [
                { "name": "Закон", "count": 962 },
                { "name": "Постановление", "count": 6533 },
                { "name": "Приказ", "count": 12 },
                { "name": "Распоряжение", "count": 707 },
                { "name": "Решение", "count": 162 },
                { "name": "Решение правления", "count": 3528 },
                { "name": "Указ", "count": 1669 }
            ]
        },
        {
            "region_name": "Костромская область",
            "count": 13028,
            "stat": [
                { "name": "Закон", "count": 1307 },
                { "name": "Постановление", "count": 9842 },
                { "name": "Приказ", "count": 1876 },
                { "name": "Решение", "count": 1 },
                { "name": "Сообщение о принятии Решения", "count": 2 }
            ]
        },
        {
            "region_name": "Краснодарский край",
            "count": 16388,
            "stat": [
                { "name": "Закон", "count": 1909 },
                { "name": "Постановление", "count": 6723 },
                { "name": "Приказ", "count": 7693 },
                { "name": "Распоряжение", "count": 63 }
            ]
        },
        {
            "region_name": "Красноярский край",
            "count": 9058,
            "stat": [
                { "name": "Закон", "count": 1281 },
                {
                    "name": "Закон о внесении поправок в Устав Красноярского края",
                    "count": 11
                },
                { "name": "Постановление", "count": 6505 },
                { "name": "Приказ", "count": 320 },
                { "name": "Сообщение о принятии Решения", "count": 4 },
                { "name": "Указ", "count": 892 },
                { "name": "Уставный закон", "count": 45 }
            ]
        },
        {
            "region_name": "Курганская область",
            "count": 9493,
            "stat": [
                { "name": "Апелляционное определение", "count": 1 },
                { "name": "Закон", "count": 1121 },
                { "name": "Извещение", "count": 24 },
                { "name": "Постановление", "count": 6409 },
                { "name": "Приказ", "count": 1598 },
                { "name": "Распоряжение", "count": 2 },
                { "name": "Решение", "count": 1 },
                { "name": "Указ", "count": 337 }
            ]
        },
        {
            "region_name": "Курская область",
            "count": 22560,
            "stat": [
                { "name": "Закон", "count": 1103 },
                { "name": "Постановление", "count": 15045 },
                { "name": "Приказ", "count": 5538 },
                { "name": "Распоряжение", "count": 576 },
                { "name": "Решение", "count": 296 },
                { "name": "Сообщение о принятии Решения", "count": 1 },
                { "name": "Устав", "count": 1 }
            ]
        },
        {
            "region_name": "Ленинградская область",
            "count": 20344,
            "stat": [
                { "name": "Закон", "count": 1240 },
                { "name": "Постановление", "count": 6990 },
                { "name": "Приказ", "count": 11877 },
                { "name": "Решение", "count": 237 }
            ]
        },
        {
            "region_name": "Липецкая область",
            "count": 13054,
            "stat": [
                { "name": "Закон", "count": 1222 },
                { "name": "Постановление", "count": 8065 },
                { "name": "Приказ", "count": 3632 },
                { "name": "Решение", "count": 12 },
                { "name": "Указ", "count": 123 }
            ]
        },
        {
            "region_name": "Луганская Народная Республика",
            "count": 76,
            "stat": [
                { "name": "Закон", "count": 11 },
                { "name": "Постановление", "count": 29 },
                { "name": "Приказ", "count": 11 },
                { "name": "Распоряжение", "count": 19 },
                { "name": "Указ", "count": 6 }
            ]
        },
        {
            "region_name": "Магаданская область",
            "count": 7919,
            "stat": [
                { "name": "Закон", "count": 1027 },
                { "name": "Постановление", "count": 5432 },
                { "name": "Приказ", "count": 263 },
                { "name": "Распоряжение", "count": 493 },
                { "name": "Сообщение о судебном Решении", "count": 2 },
                { "name": "Указ", "count": 702 }
            ]
        },
        {
            "region_name": "Московская область",
            "count": 3923,
            "stat": [
                { "name": "Закон", "count": 1469 },
                { "name": "Постановление", "count": 2454 }
            ]
        },
        {
            "region_name": "Мурманская область",
            "count": 10047,
            "stat": [
                { "name": "Закон", "count": 700 },
                { "name": "Постановление", "count": 8596 },
                { "name": "Приказ", "count": 611 },
                { "name": "Распоряжение", "count": 140 }
            ]
        },
        {
            "region_name": "Ненецкий автономный округ",
            "count": 8624,
            "stat": [
                { "name": "Закон", "count": 788 },
                { "name": "Постановление", "count": 4108 },
                { "name": "Приказ", "count": 3728 }
            ]
        },
        {
            "region_name": "Нижегородская область",
            "count": 15473,
            "stat": [
                { "name": "Закон", "count": 1598 },
                { "name": "Постановление", "count": 8894 },
                { "name": "Приказ", "count": 3477 },
                { "name": "Распоряжение", "count": 417 },
                { "name": "Решение правления", "count": 9 },
                { "name": "Сообщение о судебном Решении", "count": 3 },
                { "name": "Указ", "count": 1075 }
            ]
        },
        {
            "region_name": "Новгородская область",
            "count": 11043,
            "stat": [
                { "name": "Областной закон", "count": 1506 },
                { "name": "Постановление", "count": 7851 },
                { "name": "Распоряжение", "count": 648 },
                { "name": "Указ", "count": 1038 }
            ]
        },
        {
            "region_name": "Новосибирская область",
            "count": 12954,
            "stat": [
                { "name": "Апелляционное определение", "count": 1 },
                { "name": "Закон", "count": 923 },
                { "name": "Постановление", "count": 7299 },
                { "name": "Приказ", "count": 4717 },
                { "name": "Сообщение о принятии Решения", "count": 14 }
            ]
        },
        {
            "region_name": "Омская область",
            "count": 28072,
            "stat": [
                { "name": "Апелляционное определение", "count": 15 },
                { "name": "Закон", "count": 962 },
                { "name": "Постановление", "count": 4936 },
                { "name": "Приказ", "count": 18932 },
                { "name": "Распоряжение", "count": 1230 },
                { "name": "Решение", "count": 67 },
                { "name": "Соглашение", "count": 3 },
                { "name": "Сообщение о принятии Решения", "count": 16 },
                { "name": "Указ", "count": 1911 }
            ]
        },
        {
            "region_name": "Оренбургская область",
            "count": 12178,
            "stat": [
                { "name": "Закон", "count": 1525 },
                { "name": "Постановление", "count": 5996 },
                { "name": "Приказ", "count": 1820 },
                { "name": "Распоряжение", "count": 135 },
                { "name": "Указ", "count": 2702 }
            ]
        },
        {
            "region_name": "Орловская область",
            "count": 13548,
            "stat": [
                { "name": "Закон", "count": 1339 },
                { "name": "Постановление", "count": 6371 },
                { "name": "Приказ", "count": 3893 },
                { "name": "Распоряжение", "count": 4 },
                { "name": "Сообщение о принятии Решения", "count": 1 },
                { "name": "Указ", "count": 1940 }
            ]
        },
        {
            "region_name": "Пензенская область",
            "count": 19709,
            "stat": [
                { "name": "Закон", "count": 1481 },
                { "name": "Постановление", "count": 9923 },
                { "name": "Приказ", "count": 8045 },
                { "name": "Указ", "count": 260 }
            ]
        },
        {
            "region_name": "Пермский край",
            "count": 13459,
            "stat": [
                { "name": "Закон", "count": 1229 },
                { "name": "Постановление", "count": 9675 },
                { "name": "Приказ", "count": 1172 },
                { "name": "Сообщение о принятии Решения", "count": 23 },
                { "name": "Указ", "count": 1360 }
            ]
        },
        {
            "region_name": "Приморский край",
            "count": 17825,
            "stat": [
                { "name": "Закон", "count": 1961 },
                { "name": "Постановление", "count": 12092 },
                { "name": "Приказ", "count": 2333 },
                { "name": "Распоряжение", "count": 1439 }
            ]
        },
        {
            "region_name": "Псковская область",
            "count": 10378,
            "stat": [
                { "name": "Закон", "count": 936 },
                { "name": "Постановление", "count": 4944 },
                { "name": "Приказ", "count": 3682 },
                { "name": "Сообщение о принятии Решения", "count": 2 },
                { "name": "Указ", "count": 814 }
            ]
        },
        {
            "region_name": "Республика Адыгея",
            "count": 9036,
            "stat": [
                { "name": "Закон", "count": 967 },
                { "name": "Конституционный закон", "count": 11 },
                { "name": "Постановление", "count": 2882 },
                { "name": "Приказ", "count": 3056 },
                { "name": "Распоряжение", "count": 1096 },
                { "name": "Решение", "count": 5 },
                { "name": "Указ", "count": 1019 }
            ]
        },
        {
            "region_name": "Республика Алтай",
            "count": 8496,
            "stat": [
                { "name": "Закон", "count": 832 },
                { "name": "Конституционный закон", "count": 18 },
                { "name": "Постановление", "count": 4007 },
                { "name": "Приказ", "count": 2977 },
                { "name": "Указ", "count": 662 }
            ]
        },
        {
            "region_name": "Республика Башкортостан",
            "count": 3171,
            "stat": [
                { "name": "Закон", "count": 926 },
                { "name": "Постановление", "count": 1103 },
                { "name": "Приказ", "count": 297 },
                { "name": "Указ", "count": 845 }
            ]
        },
        {
            "region_name": "Республика Бурятия",
            "count": 15393,
            "stat": [
                { "name": "Апелляционное определение", "count": 15 },
                { "name": "Закон", "count": 1287 },
                { "name": "Постановление", "count": 6231 },
                { "name": "Приказ", "count": 2237 },
                { "name": "Распоряжение", "count": 4207 },
                { "name": "Решение", "count": 1 },
                { "name": "Сообщение о принятии Решения", "count": 4 },
                { "name": "Указ", "count": 1411 }
            ]
        },
        {
            "region_name": "Республика Дагестан",
            "count": 9262,
            "stat": [
                { "name": "Закон", "count": 787 },
                { "name": "Постановление", "count": 2552 },
                { "name": "Приказ", "count": 486 },
                { "name": "Распоряжение", "count": 3831 },
                { "name": "Указ", "count": 1606 }
            ]
        },
        {
            "region_name": "Республика Ингушетия",
            "count": 2054,
            "stat": [
                { "name": "Закон", "count": 562 },
                { "name": "Конституция", "count": 1 },
                { "name": "Постановление", "count": 1254 },
                { "name": "Приказ", "count": 2 },
                { "name": "Указ", "count": 235 }
            ]
        },
        {
            "region_name": "Республика Калмыкия",
            "count": 5290,
            "stat": [
                { "name": "Закон", "count": 504 },
                { "name": "Постановление", "count": 3083 },
                { "name": "Приказ", "count": 850 },
                { "name": "Распоряжение", "count": 297 },
                { "name": "Указ", "count": 556 }
            ]
        },
        {
            "region_name": "Республика Карелия",
            "count": 14446,
            "stat": [
                { "name": "Закон", "count": 1071 },
                { "name": "Постановление", "count": 6588 },
                { "name": "Приказ", "count": 5519 },
                { "name": "Распоряжение", "count": 156 },
                { "name": "Указ", "count": 1112 }
            ]
        },
        {
            "region_name": "Республика Коми",
            "count": 7942,
            "stat": [
                { "name": "Закон", "count": 1045 },
                { "name": "Постановление", "count": 4527 },
                { "name": "Приказ", "count": 1554 },
                { "name": "Сообщение о принятии Решения", "count": 2 },
                { "name": "Указ", "count": 814 }
            ]
        },
        {
            "region_name": "Республика Крым",
            "count": 12142,
            "stat": [
                { "name": "Закон", "count": 993 },
                { "name": "Постановление", "count": 7256 },
                { "name": "Приказ", "count": 2840 },
                { "name": "Распоряжение", "count": 146 },
                { "name": "Сообщение о судебном Решении", "count": 2 },
                { "name": "Указ", "count": 905 }
            ]
        },
        {
            "region_name": "Республика Марий Эл",
            "count": 8244,
            "stat": [
                { "name": "Закон", "count": 556 },
                { "name": "Постановление", "count": 3947 },
                { "name": "Приказ", "count": 3030 },
                { "name": "Указ", "count": 711 }
            ]
        },
        {
            "region_name": "Республика Мордовия",
            "count": 10239,
            "stat": [
                { "name": "Закон", "count": 949 },
                { "name": "Постановление", "count": 6266 },
                { "name": "Приказ", "count": 1854 },
                { "name": "Решение", "count": 1 },
                { "name": "Указ", "count": 1169 }
            ]
        },
        {
            "region_name": "Республика Саха (Якутия)",
            "count": 12420,
            "stat": [
                { "name": "Апелляционное определение", "count": 15 },
                { "name": "Закон", "count": 1159 },
                { "name": "Конституционный закон", "count": 10 },
                { "name": "Постановление", "count": 5235 },
                { "name": "Приказ", "count": 2498 },
                { "name": "Распоряжение", "count": 600 },
                { "name": "Решение", "count": 1 },
                { "name": "Сообщение о принятии Решения", "count": 6 },
                { "name": "Указ", "count": 2896 }
            ]
        },
        {
            "region_name": "Республика Северная Осетия - Алания",
            "count": 7780,
            "stat": [
                { "name": "Закон", "count": 772 },
                { "name": "Конституционный закон", "count": 30 },
                { "name": "Постановление", "count": 3805 },
                { "name": "Приказ", "count": 702 },
                { "name": "Распоряжение", "count": 1678 },
                { "name": "Указ", "count": 793 }
            ]
        },
        {
            "region_name": "Республика Татарстан",
            "count": 2234,
            "stat": [
                { "name": "Закон", "count": 937 },
                { "name": "Постановление", "count": 61 },
                { "name": "Приказ", "count": 314 },
                { "name": "Распоряжение", "count": 3 },
                { "name": "Указ", "count": 919 }
            ]
        },
        {
            "region_name": "Республика Тыва",
            "count": 7961,
            "stat": [
                { "name": "Закон", "count": 907 },
                { "name": "Конституционный закон", "count": 68 },
                { "name": "Постановление", "count": 4708 },
                { "name": "Приказ", "count": 520 },
                { "name": "Распоряжение", "count": 1022 },
                { "name": "Решение", "count": 1 },
                { "name": "Указ", "count": 735 }
            ]
        },
        {
            "region_name": "Республика Хакасия",
            "count": 7132,
            "stat": [
                { "name": "Апелляционное определение", "count": 15 },
                { "name": "Закон", "count": 904 },
                { "name": "Конституционный закон", "count": 3 },
                { "name": "Постановление", "count": 5838 },
                { "name": "Приказ", "count": 365 },
                { "name": "Решение", "count": 2 },
                { "name": "Сообщение о принятии Решения", "count": 4 },
                { "name": "Сообщение о судебном Решении", "count": 1 }
            ]
        },
        {
            "region_name": "Ростовская область",
            "count": 31390,
            "stat": [
                { "name": "Апелляционное определение", "count": 4 },
                { "name": "Закон", "count": 1 },
                { "name": "Областной закон", "count": 2139 },
                { "name": "Постановление", "count": 27244 },
                { "name": "Приказ", "count": 5 },
                { "name": "Распоряжение", "count": 1799 },
                { "name": "Решение", "count": 2 },
                { "name": "Сообщение о принятии Решения", "count": 7 },
                { "name": "Указ", "count": 189 }
            ]
        },
        {
            "region_name": "Рязанская область",
            "count": 14426,
            "stat": [
                { "name": "Закон", "count": 1022 },
                { "name": "Постановление", "count": 13404 }
            ]
        },
        {
            "region_name": "Самарская область",
            "count": 20196,
            "stat": [
                { "name": "Закон", "count": 1229 },
                { "name": "Постановление", "count": 11386 },
                { "name": "Приказ", "count": 3892 },
                { "name": "Распоряжение", "count": 3689 }
            ]
        },
        {
            "region_name": "Санкт-Петербург",
            "count": 13347,
            "stat": [
                { "name": "Закон", "count": 1196 },
                { "name": "Постановление", "count": 4045 },
                { "name": "Приказ", "count": 783 },
                { "name": "Распоряжение", "count": 7323 }
            ]
        },
        {
            "region_name": "Саратовская область",
            "count": 18107,
            "stat": [
                { "name": "Апелляционное определение", "count": 1 },
                { "name": "Закон", "count": 1166 },
                { "name": "Постановление", "count": 11475 },
                { "name": "Приказ", "count": 4430 },
                { "name": "Распоряжение", "count": 1035 }
            ]
        },
        {
            "region_name": "Сахалинская область",
            "count": 14706,
            "stat": [
                { "name": "Апелляционное определение", "count": 4 },
                { "name": "Закон", "count": 957 },
                { "name": "Постановление", "count": 5469 },
                { "name": "Приказ", "count": 6947 },
                { "name": "Распоряжение", "count": 781 },
                { "name": "Решение", "count": 6 },
                { "name": "Указ", "count": 542 }
            ]
        },
        {
            "region_name": "Свердловская область",
            "count": 17392,
            "stat": [
                { "name": "Закон", "count": 1375 },
                { "name": "Постановление", "count": 9873 },
                { "name": "Приказ", "count": 4861 },
                { "name": "Распоряжение", "count": 32 },
                { "name": "Указ", "count": 1251 }
            ]
        },
        {
            "region_name": "Севастополь",
            "count": 5697,
            "stat": [
                { "name": "Закон", "count": 548 },
                { "name": "Постановление", "count": 4036 },
                { "name": "Распоряжение", "count": 646 },
                { "name": "Указ", "count": 467 }
            ]
        },
        {
            "region_name": "Смоленская область",
            "count": 15973,
            "stat": [
                { "name": "Закон", "count": 1603 },
                { "name": "Постановление", "count": 13202 },
                { "name": "Приказ", "count": 160 },
                { "name": "Решение", "count": 2 },
                { "name": "Сообщение о принятии Решения", "count": 4 },
                { "name": "Указ", "count": 1002 }
            ]
        },
        {
            "region_name": "Ставропольский край",
            "count": 8792,
            "stat": [
                { "name": "Закон", "count": 1261 },
                { "name": "Постановление", "count": 7107 },
                { "name": "Приказ", "count": 378 },
                { "name": "Распоряжение", "count": 46 }
            ]
        },
        {
            "region_name": "Тамбовская область",
            "count": 15616,
            "stat": [
                { "name": "Закон", "count": 1352 },
                { "name": "Постановление", "count": 8229 },
                { "name": "Приказ", "count": 6034 },
                { "name": "Распоряжение", "count": 1 }
            ]
        },
        {
            "region_name": "Тверская область",
            "count": 13014,
            "stat": [
                { "name": "Закон", "count": 932 },
                { "name": "Поправки к Уставу", "count": 8 },
                { "name": "Постановление", "count": 7054 },
                { "name": "Приказ", "count": 4495 },
                { "name": "Распоряжение", "count": 525 }
            ]
        },
        {
            "region_name": "Томская область",
            "count": 15962,
            "stat": [
                { "name": "Апелляционное определение", "count": 1 },
                { "name": "Закон", "count": 1501 },
                { "name": "Постановление", "count": 5784 },
                { "name": "Приказ", "count": 8657 },
                { "name": "Сообщение о принятии Решения", "count": 19 }
            ]
        },
        {
            "region_name": "Тульская область",
            "count": 10664,
            "stat": [
                { "name": "Закон", "count": 1155 },
                { "name": "Постановление", "count": 6625 },
                { "name": "Приказ", "count": 1743 },
                { "name": "Распоряжение", "count": 2 },
                { "name": "Указ", "count": 1139 }
            ]
        },
        {
            "region_name": "Тюменская область",
            "count": 10775,
            "stat": [
                { "name": "Закон", "count": 1087 },
                { "name": "Постановление", "count": 8655 },
                { "name": "Распоряжение", "count": 1033 }
            ]
        },
        {
            "region_name": "Удмуртская Республика",
            "count": 6767,
            "stat": [
                { "name": "Закон", "count": 795 },
                { "name": "Постановление", "count": 5007 },
                { "name": "Приказ", "count": 309 },
                { "name": "Указ", "count": 656 }
            ]
        },
        {
            "region_name": "Ульяновская область",
            "count": 11228,
            "stat": [
                { "name": "Закон", "count": 1536 },
                { "name": "Постановление", "count": 6450 },
                { "name": "Приказ", "count": 2310 },
                { "name": "Распоряжение", "count": 3 },
                { "name": "Указ", "count": 929 }
            ]
        },
        {
            "region_name": "Хабаровский край",
            "count": 11803,
            "stat": [
                { "name": "Закон", "count": 851 },
                { "name": "Постановление", "count": 8240 },
                { "name": "Распоряжение", "count": 2709 },
                { "name": "Сообщение о принятии Решения", "count": 2 },
                { "name": "Устав", "count": 1 }
            ]
        },
        {
            "region_name": "Ханты-Мансийский автономный округ - Югра",
            "count": 14166,
            "stat": [
                { "name": "Закон", "count": 1122 },
                { "name": "Постановление", "count": 9993 },
                { "name": "Приказ", "count": 3050 },
                { "name": "Решение", "count": 1 }
            ]
        },
        {
            "region_name": "Челябинская область",
            "count": 14384,
            "stat": [
                { "name": "Закон", "count": 1730 },
                { "name": "Постановление", "count": 9905 },
                { "name": "Приказ", "count": 303 },
                { "name": "Распоряжение", "count": 2446 }
            ]
        },
        {
            "region_name": "Чеченская Республика",
            "count": 2935,
            "stat": [
                { "name": "Закон", "count": 446 },
                { "name": "Конституционный закон", "count": 2 },
                { "name": "Постановление", "count": 1983 },
                { "name": "Указ", "count": 504 }
            ]
        },
        {
            "region_name": "Чувашская Республика - Чувашия",
            "count": 13028,
            "stat": [
                { "name": "Закон", "count": 960 },
                { "name": "Постановление", "count": 6492 },
                { "name": "Приказ", "count": 3750 },
                { "name": "Распоряжение", "count": 78 },
                { "name": "Сообщение о принятии Решения", "count": 3 },
                { "name": "Указ", "count": 1745 }
            ]
        },
        {
            "region_name": "Чукотский автономный округ",
            "count": 6984,
            "stat": [
                { "name": "Закон", "count": 778 },
                { "name": "Постановление", "count": 5148 },
                { "name": "Постановление Правления", "count": 358 },
                { "name": "Приказ", "count": 697 },
                { "name": "Распоряжение", "count": 3 }
            ]
        },
        {
            "region_name": "Ямало-Ненецкий автономный округ",
            "count": 20441,
            "stat": [
                { "name": "Закон", "count": 1198 },
                { "name": "Постановление", "count": 13710 },
                { "name": "Приказ", "count": 4796 },
                { "name": "Распоряжение", "count": 736 },
                { "name": "Сообщение о принятии Решения", "count": 1 }
            ]
        },
        {
            "region_name": "Ярославская область",
            "count": 18565,
            "stat": [
                { "name": "Закон", "count": 844 },
                { "name": "Постановление", "count": 9223 },
                { "name": "Приказ", "count": 5676 },
                { "name": "Распоряжение", "count": 2 },
                { "name": "Решение", "count": 1 },
                { "name": "Сообщение о принятии Решения", "count": 11 },
                { "name": "Указ", "count": 2808 }
            ]
        }
    ]
}
