[
    {
        "name": "Центральный Федеральный округ",
        "id": 1,
        "count": 18,
        "regions": [
            { "name": "Брянская область", "id": 38 },
            { "name": "Белгородская область", "id": 37 },
            { "name": "Владимирская область", "id": 39 },
            { "name": "Костромская область", "id": 50 },
            { "name": "Курская область", "id": 52 },
            { "name": "Липецкая область", "id": 54 },
            { "name": "Воронежская область", "id": 42 },
            { "name": "Ивановская область", "id": 44 },
            { "name": "Калужская область", "id": 47 },
            { "name": "Московская область", "id": 56 },
            { "name": "Москва", "id": 82 },
            { "name": "Орловская область", "id": 63 },
            { "name": "Рязанская область", "id": 67 },
            { "name": "Смоленская область", "id": 72 },
            { "name": "Тверская область", "id": 74 },
            { "name": "Тамбовская область", "id": 73 },
            { "name": "Тульская область", "id": 76 },
            { "name": "Ярославская область", "id": 81 }
        ]
    },
    {
        "name": "Северо-Западный Федеральный округ",
        "id": 2,
        "count": 11,
        "regions": [
            { "name": "Архангельская область", "id": 35 },
            { "name": "Ленинградская область", "id": 53 },
            { "name": "Ненецкий автономный округ", "id": 86 },
            { "name": "Новгородская область", "id": 59 },
            { "name": "Вологодская область", "id": 41 },
            { "name": "Калининградская область", "id": 46 },
            { "name": "Мурманская область", "id": 57 },
            { "name": "Псковская область", "id": 65 },
            { "name": "Республика Коми", "id": 12 },
            { "name": "Республика Карелия", "id": 11 },
            { "name": "Санкт-Петербург", "id": 83 }
        ]
    },
    {
        "name": "Южный Федеральный округ",
        "id": 3,
        "count": 12,
        "regions": [
            { "name": "Астраханская область", "id": 36 },
            { "name": "Волгоградская область", "id": 40 },
            { "name": "Краснодарский край", "id": 28 },
            { "name": "Республика Адыгея", "id": 1 },
            { "name": "Республика Калмыкия", "id": 9 },
            { "name": "Донецкая Народная Республика", "id": 6 },
            { "name": "Запорожская область", "id": 43 },
            { "name": "Луганская Народная Республика", "id": 14 },
            { "name": "Республика Крым", "id": 13 },
            { "name": "Ростовская область", "id": 66 },
            { "name": "Севастополь", "id": 84 },
            { "name": "Херсонская область", "id": 79 }
        ]
    },
    {
        "name": "Приволжский Федеральный округ",
        "id": 4,
        "count": 7,
        "regions": [
            { "name": "Карачаево-Черкесская Республика", "id": 10 },
            { "name": "Республика Дагестан", "id": 5 },
            { "name": "Республика Ингушетия", "id": 7 },
            { "name": "Кабардино-Балкарская Республика", "id": 8 },
            { "name": "Республика Северная Осетия - Алания", "id": 18 },
            { "name": "Ставропольский край", "id": 32 },
            { "name": "Чеченская Республика", "id": 23 }
        ]
    },
    {
        "name": "Уральский Федеральный округ",
        "id": 5,
        "count": 14,
        "regions": [
            { "name": "Кировская область", "id": 49 },
            { "name": "Нижегородская область", "id": 58 },
            { "name": "Пермский край", "id": 30 },
            { "name": "Республика Башкортостан", "id": 3 },
            { "name": "Оренбургская область", "id": 62 },
            { "name": "Пензенская область", "id": 64 },
            { "name": "Республика Марий Эл", "id": 15 },
            { "name": "Республика Мордовия", "id": 16 },
            { "name": "Республика Татарстан", "id": 19 },
            { "name": "Самарская область", "id": 68 },
            { "name": "Саратовская область", "id": 69 },
            { "name": "Удмуртская Республика", "id": 21 },
            { "name": "Ульяновская область", "id": 78 },
            { "name": "Чувашская Республика - Чувашия", "id": 24 }
        ]
    },
    {
        "name": "Сибирский Федеральный округ",
        "id": 6,
        "count": 6,
        "regions": [
            { "name": "Курганская область", "id": 51 },
            { "name": "Свердловская область", "id": 71 },
            { "name": "Тюменская область", "id": 77 },
            { "name": "Ханты-Мансийский автономный округ - Югра", "id": 87 },
            { "name": "Челябинская область", "id": 80 },
            { "name": "Ямало-Ненецкий автономный округ", "id": 89 }
        ]
    },
    {
        "name": "Дальневосточный Федеральный округ",
        "id": 7,
        "count": 10,
        "regions": [
            { "name": "Алтайский край", "id": 25 },
            { "name": "Красноярский край", "id": 29 },
            { "name": "Омская область", "id": 61 },
            { "name": "Иркутская область", "id": 45 },
            { "name": "Кемеровская область - Кузбасс", "id": 48 },
            { "name": "Новосибирская область", "id": 60 },
            { "name": "Республика Алтай", "id": 2 },
            { "name": "Республика Хакасия", "id": 22 },
            { "name": "Республика Тыва", "id": 20 },
            { "name": "Томская область", "id": 75 }
        ]
    },
    {
        "name": "Северо-Кавказский Федеральный округ",
        "id": 8,
        "count": 11,
        "regions": [
            { "name": "Амурская область", "id": 34 },
            { "name": "Республика Бурятия", "id": 4 },
            { "name": "Еврейская автономная область", "id": 85 },
            { "name": "Забайкальский край", "id": 26 },
            { "name": "Камчатский край", "id": 27 },
            { "name": "Магаданская область", "id": 55 },
            { "name": "Приморский край", "id": 31 },
            { "name": "Республика Саха (Якутия)", "id": 17 },
            { "name": "Сахалинская область", "id": 70 },
            { "name": "Хабаровский край", "id": 33 },
            { "name": "Чукотский автономный округ", "id": 88 }
        ]
    }
]
