[{"name":"Вся статистика","count":1101829,"stat":[{"name":"Апелляционное определение","count":105},{"name":"Закон","count":90497},{"name":"Закон о внесении поправок в Устав Красноярского края","count":11},{"name":"Закон о поправках к Уставу","count":7},{"name":"Извещение","count":24},{"name":"Конституционный закон","count":147},{"name":"Конституция","count":1},{"name":"Областной закон","count":4857},{"name":"Поправки к Уставу","count":8},{"name":"Постановление","count":622084},{"name":"Постановление Правления","count":358},{"name":"Приказ","count":272131},{"name":"Распоряжение","count":46438},{"name":"Решение","count":5219},{"name":"Решение правления","count":3634},{"name":"Соглашение","count":4},{"name":"Сообщение о принятии Решения","count":283},{"name":"Сообщение о судебном Решении","count":9},{"name":"Указ","count":55868},{"name":"Устав","count":4},{"name":"Уставный закон","count":140}],"districts":[{"name":"Центральный Федеральный округ","id":1,"count":247538,"stat":[{"name":"Закон","count":20508},{"name":"Поправки к Уставу","count":8},{"name":"Постановление","count":151978},{"name":"Приказ","count":57389},{"name":"Распоряжение","count":2725},{"name":"Решение","count":327},{"name":"Сообщение о принятии Решения","count":25},{"name":"Сообщение о судебном Решении","count":1},{"name":"Указ","count":14575},{"name":"Устав","count":2}],"regions":[{"name":"Брянская область","id":38,"count":17966,"stat":[{"name":"Закон","count":1100},{"name":"Постановление","count":6400},{"name":"Приказ","count":7339},{"name":"Распоряжение","count":1145},{"name":"Указ","count":1982}]},{"name":"Белгородская область","id":37,"count":7760,"stat":[{"name":"Закон","count":871},{"name":"Постановление","count":6589},{"name":"Приказ","count":297},{"name":"Распоряжение","count":3}]},{"name":"Владимирская область","id":39,"count":18802,"stat":[{"name":"Закон","count":1475},{"name":"Постановление","count":14178},{"name":"Приказ","count":1182},{"name":"Распоряжение","count":376},{"name":"Сообщение о судебном Решении","count":1},{"name":"Указ","count":1590}]},{"name":"Костромская область","id":50,"count":13137,"stat":[{"name":"Закон","count":1307},{"name":"Постановление","count":9918},{"name":"Приказ","count":1909},{"name":"Решение","count":1},{"name":"Сообщение о принятии Решения","count":2}]},{"name":"Курская область","id":52,"count":22729,"stat":[{"name":"Закон","count":1126},{"name":"Постановление","count":15147},{"name":"Приказ","count":5569},{"name":"Распоряжение","count":578},{"name":"Решение","count":307},{"name":"Сообщение о принятии Решения","count":1},{"name":"Устав","count":1}]},{"name":"Липецкая область","id":54,"count":13147,"stat":[{"name":"Закон","count":1222},{"name":"Постановление","count":8113},{"name":"Приказ","count":3674},{"name":"Решение","count":12},{"name":"Указ","count":126}]},{"name":"Воронежская область","id":42,"count":22376,"stat":[{"name":"Закон","count":1596},{"name":"Постановление","count":7188},{"name":"Приказ","count":11251},{"name":"Решение","count":4},{"name":"Указ","count":2336},{"name":"Устав","count":1}]},{"name":"Ивановская область","id":44,"count":8394,"stat":[{"name":"Закон","count":932},{"name":"Постановление","count":5579},{"name":"Приказ","count":254},{"name":"Сообщение о принятии Решения","count":6},{"name":"Указ","count":1623}]},{"name":"Калужская область","id":47,"count":16797,"stat":[{"name":"Закон","count":1118},{"name":"Постановление","count":11942},{"name":"Приказ","count":3650},{"name":"Распоряжение","count":87}]},{"name":"Московская область","id":56,"count":3979,"stat":[{"name":"Закон","count":1484},{"name":"Постановление","count":2495}]},{"name":"Москва","id":82,"count":0,"stat":[]},{"name":"Орловская область","id":63,"count":13622,"stat":[{"name":"Закон","count":1339},{"name":"Постановление","count":6403},{"name":"Приказ","count":3931},{"name":"Распоряжение","count":4},{"name":"Сообщение о принятии Решения","count":1},{"name":"Указ","count":1944}]},{"name":"Рязанская область","id":67,"count":14565,"stat":[{"name":"Закон","count":1027},{"name":"Постановление","count":13538}]},{"name":"Смоленская область","id":72,"count":16063,"stat":[{"name":"Закон","count":1626},{"name":"Постановление","count":13252},{"name":"Приказ","count":165},{"name":"Решение","count":2},{"name":"Сообщение о принятии Решения","count":4},{"name":"Указ","count":1014}]},{"name":"Тверская область","id":74,"count":13071,"stat":[{"name":"Закон","count":932},{"name":"Поправки к Уставу","count":8},{"name":"Постановление","count":7070},{"name":"Приказ","count":4534},{"name":"Распоряжение","count":527}]},{"name":"Тамбовская область","id":73,"count":15722,"stat":[{"name":"Закон","count":1352},{"name":"Постановление","count":8258},{"name":"Приказ","count":6111},{"name":"Распоряжение","count":1}]},{"name":"Тульская область","id":76,"count":10694,"stat":[{"name":"Закон","count":1155},{"name":"Постановление","count":6640},{"name":"Приказ","count":1755},{"name":"Распоряжение","count":2},{"name":"Указ","count":1142}]},{"name":"Ярославская область","id":81,"count":18714,"stat":[{"name":"Закон","count":846},{"name":"Постановление","count":9268},{"name":"Приказ","count":5768},{"name":"Распоряжение","count":2},{"name":"Решение","count":1},{"name":"Сообщение о принятии Решения","count":11},{"name":"Указ","count":2818}]}]},{"name":"Северо-Западный Федеральный округ","id":2,"count":157823,"stat":[{"name":"Закон","count":9866},{"name":"Областной закон","count":2718},{"name":"Постановление","count":83138},{"name":"Приказ","count":47209},{"name":"Распоряжение","count":8652},{"name":"Решение","count":237},{"name":"Сообщение о принятии Решения","count":86},{"name":"Указ","count":5822},{"name":"Уставный закон","count":95}],"regions":[{"name":"Архангельская область","id":35,"count":19779,"stat":[{"name":"Областной закон","count":1212},{"name":"Постановление","count":17345},{"name":"Сообщение о принятии Решения","count":82},{"name":"Указ","count":1140}]},{"name":"Ленинградская область","id":53,"count":20523,"stat":[{"name":"Закон","count":1256},{"name":"Постановление","count":7043},{"name":"Приказ","count":11987},{"name":"Решение","count":237}]},{"name":"Ненецкий автономный округ","id":86,"count":8660,"stat":[{"name":"Закон","count":788},{"name":"Постановление","count":4127},{"name":"Приказ","count":3745}]},{"name":"Новгородская область","id":59,"count":11117,"stat":[{"name":"Областной закон","count":1506},{"name":"Постановление","count":7916},{"name":"Распоряжение","count":655},{"name":"Указ","count":1040}]},{"name":"Вологодская область","id":41,"count":23211,"stat":[{"name":"Закон","count":1887},{"name":"Постановление","count":11706},{"name":"Приказ","count":9607},{"name":"Распоряжение","count":11}]},{"name":"Калининградская область","id":46,"count":17962,"stat":[{"name":"Закон","count":961},{"name":"Постановление","count":6133},{"name":"Приказ","count":9597},{"name":"Распоряжение","count":287},{"name":"Указ","count":889},{"name":"Уставный закон","count":95}]},{"name":"Мурманская область","id":57,"count":10115,"stat":[{"name":"Закон","count":700},{"name":"Постановление","count":8658},{"name":"Приказ","count":617},{"name":"Распоряжение","count":140}]},{"name":"Псковская область","id":65,"count":10470,"stat":[{"name":"Закон","count":936},{"name":"Постановление","count":4960},{"name":"Приказ","count":3754},{"name":"Сообщение о принятии Решения","count":2},{"name":"Указ","count":818}]},{"name":"Республика Коми","id":12,"count":7969,"stat":[{"name":"Закон","count":1045},{"name":"Постановление","count":4544},{"name":"Приказ","count":1559},{"name":"Сообщение о принятии Решения","count":2},{"name":"Указ","count":819}]},{"name":"Республика Карелия","id":11,"count":14540,"stat":[{"name":"Закон","count":1081},{"name":"Постановление","count":6636},{"name":"Приказ","count":5551},{"name":"Распоряжение","count":156},{"name":"Указ","count":1116}]},{"name":"Санкт-Петербург","id":83,"count":13477,"stat":[{"name":"Закон","count":1212},{"name":"Постановление","count":4070},{"name":"Приказ","count":792},{"name":"Распоряжение","count":7403}]}]},{"name":"Южный Федеральный округ","id":3,"count":118216,"stat":[{"name":"Апелляционное определение","count":4},{"name":"Закон","count":7164},{"name":"Конституционный закон","count":11},{"name":"Областной закон","count":2139},{"name":"Постановление","count":70634},{"name":"Приказ","count":30704},{"name":"Распоряжение","count":4374},{"name":"Решение","count":7},{"name":"Сообщение о принятии Решения","count":7},{"name":"Сообщение о судебном Решении","count":2},{"name":"Указ","count":3169},{"name":"Устав","count":1}],"regions":[{"name":"Астраханская область","id":36,"count":11447,"stat":[{"name":"Закон","count":960},{"name":"Постановление","count":10261},{"name":"Приказ","count":8},{"name":"Распоряжение","count":217},{"name":"Устав","count":1}]},{"name":"Волгоградская область","id":40,"count":26001,"stat":[{"name":"Закон","count":1247},{"name":"Постановление","count":8619},{"name":"Приказ","count":16067},{"name":"Распоряжение","count":68}]},{"name":"Краснодарский край","id":28,"count":16464,"stat":[{"name":"Закон","count":1909},{"name":"Постановление","count":6739},{"name":"Приказ","count":7753},{"name":"Распоряжение","count":63}]},{"name":"Республика Адыгея","id":1,"count":9116,"stat":[{"name":"Закон","count":968},{"name":"Конституционный закон","count":11},{"name":"Постановление","count":2905},{"name":"Приказ","count":3102},{"name":"Распоряжение","count":1100},{"name":"Решение","count":5},{"name":"Указ","count":1025}]},{"name":"Республика Калмыкия","id":9,"count":5340,"stat":[{"name":"Закон","count":519},{"name":"Постановление","count":3087},{"name":"Приказ","count":874},{"name":"Распоряжение","count":298},{"name":"Указ","count":562}]},{"name":"Севастополь","id":84,"count":5726,"stat":[{"name":"Закон","count":551},{"name":"Постановление","count":4053},{"name":"Распоряжение","count":650},{"name":"Указ","count":472}]},{"name":"Донецкая Народная Республика","id":6,"count":0,"stat":[]},{"name":"Запорожская область","id":43,"count":0,"stat":[]},{"name":"Луганская Народная Республика","id":14,"count":98,"stat":[{"name":"Закон","count":15},{"name":"Постановление","count":39},{"name":"Приказ","count":17},{"name":"Распоряжение","count":19},{"name":"Указ","count":8}]},{"name":"Республика Крым","id":13,"count":12215,"stat":[{"name":"Закон","count":994},{"name":"Постановление","count":7285},{"name":"Приказ","count":2878},{"name":"Распоряжение","count":146},{"name":"Сообщение о судебном Решении","count":2},{"name":"Указ","count":910}]},{"name":"Ростовская область","id":66,"count":31809,"stat":[{"name":"Апелляционное определение","count":4},{"name":"Закон","count":1},{"name":"Областной закон","count":2139},{"name":"Постановление","count":27646},{"name":"Приказ","count":5},{"name":"Распоряжение","count":1813},{"name":"Решение","count":2},{"name":"Сообщение о принятии Решения","count":7},{"name":"Указ","count":192}]},{"name":"Херсонская область","id":79,"count":0,"stat":[]}]},{"name":"Приволжский Федеральный округ","id":4,"count":38669,"stat":[{"name":"Закон","count":5178},{"name":"Конституционный закон","count":37},{"name":"Конституция","count":1},{"name":"Постановление","count":21102},{"name":"Приказ","count":2193},{"name":"Распоряжение","count":5689},{"name":"Соглашение","count":1},{"name":"Сообщение о принятии Решения","count":1},{"name":"Указ","count":4467}],"regions":[{"name":"Карачаево-Черкесская Республика","id":10,"count":3481,"stat":[{"name":"Закон","count":858},{"name":"Конституционный закон","count":4},{"name":"Постановление","count":1848},{"name":"Приказ","count":278},{"name":"Распоряжение","count":18},{"name":"Сообщение о принятии Решения","count":1},{"name":"Указ","count":474}]},{"name":"Республика Дагестан","id":5,"count":9350,"stat":[{"name":"Закон","count":796},{"name":"Постановление","count":2579},{"name":"Приказ","count":495},{"name":"Распоряжение","count":3867},{"name":"Указ","count":1613}]},{"name":"Республика Ингушетия","id":7,"count":2057,"stat":[{"name":"Закон","count":562},{"name":"Конституция","count":1},{"name":"Постановление","count":1257},{"name":"Приказ","count":2},{"name":"Указ","count":235}]},{"name":"Республика Северная Осетия - Алания","id":18,"count":7840,"stat":[{"name":"Закон","count":772},{"name":"Конституционный закон","count":30},{"name":"Постановление","count":3836},{"name":"Приказ","count":721},{"name":"Распоряжение","count":1682},{"name":"Указ","count":799}]},{"name":"Кабардино-Балкарская Республика","id":8,"count":4165,"stat":[{"name":"Закон","count":477},{"name":"Постановление","count":2464},{"name":"Приказ","count":318},{"name":"Распоряжение","count":76},{"name":"Соглашение","count":1},{"name":"Указ","count":829}]},{"name":"Ставропольский край","id":32,"count":8824,"stat":[{"name":"Закон","count":1264},{"name":"Постановление","count":7135},{"name":"Приказ","count":379},{"name":"Распоряжение","count":46}]},{"name":"Чеченская Республика","id":23,"count":2952,"stat":[{"name":"Закон","count":449},{"name":"Конституционный закон","count":3},{"name":"Постановление","count":1983},{"name":"Указ","count":517}]}]},{"name":"Уральский Федеральный округ","id":5,"count":168715,"stat":[{"name":"Апелляционное определение","count":1},{"name":"Закон","count":15902},{"name":"Постановление","count":93721},{"name":"Приказ","count":35043},{"name":"Распоряжение","count":6094},{"name":"Решение","count":174},{"name":"Решение правления","count":3634},{"name":"Сообщение о принятии Решения","count":27},{"name":"Сообщение о судебном Решении","count":3},{"name":"Указ","count":14116}],"regions":[{"name":"Кировская область","id":49,"count":13710,"stat":[{"name":"Закон","count":969},{"name":"Постановление","count":6542},{"name":"Приказ","count":12},{"name":"Распоряжение","count":717},{"name":"Решение","count":173},{"name":"Решение правления","count":3625},{"name":"Указ","count":1672}]},{"name":"Нижегородская область","id":58,"count":15537,"stat":[{"name":"Закон","count":1598},{"name":"Постановление","count":8924},{"name":"Приказ","count":3496},{"name":"Распоряжение","count":418},{"name":"Решение правления","count":9},{"name":"Сообщение о судебном Решении","count":3},{"name":"Указ","count":1089}]},{"name":"Пермский край","id":30,"count":13502,"stat":[{"name":"Закон","count":1229},{"name":"Постановление","count":9709},{"name":"Приказ","count":1175},{"name":"Сообщение о принятии Решения","count":24},{"name":"Указ","count":1365}]},{"name":"Республика Башкортостан","id":3,"count":3253,"stat":[{"name":"Закон","count":926},{"name":"Постановление","count":1171},{"name":"Приказ","count":304},{"name":"Указ","count":852}]},{"name":"Республика Мордовия","id":16,"count":10301,"stat":[{"name":"Закон","count":949},{"name":"Постановление","count":6321},{"name":"Приказ","count":1860},{"name":"Решение","count":1},{"name":"Указ","count":1170}]},{"name":"Республика Татарстан","id":19,"count":2252,"stat":[{"name":"Закон","count":946},{"name":"Постановление","count":64},{"name":"Приказ","count":314},{"name":"Распоряжение","count":3},{"name":"Указ","count":925}]},{"name":"Оренбургская область","id":62,"count":12256,"stat":[{"name":"Закон","count":1525},{"name":"Постановление","count":6017},{"name":"Приказ","count":1870},{"name":"Распоряжение","count":138},{"name":"Указ","count":2706}]},{"name":"Пензенская область","id":64,"count":19827,"stat":[{"name":"Закон","count":1492},{"name":"Постановление","count":9964},{"name":"Приказ","count":8103},{"name":"Указ","count":268}]},{"name":"Республика Марий Эл","id":15,"count":8289,"stat":[{"name":"Закон","count":556},{"name":"Постановление","count":3971},{"name":"Приказ","count":3047},{"name":"Указ","count":715}]},{"name":"Самарская область","id":68,"count":20323,"stat":[{"name":"Закон","count":1237},{"name":"Постановление","count":11431},{"name":"Приказ","count":3962},{"name":"Распоряжение","count":3693}]},{"name":"Саратовская область","id":69,"count":18233,"stat":[{"name":"Апелляционное определение","count":1},{"name":"Закон","count":1166},{"name":"Постановление","count":11549},{"name":"Приказ","count":4474},{"name":"Распоряжение","count":1043}]},{"name":"Удмуртская Республика","id":21,"count":6812,"stat":[{"name":"Закон","count":800},{"name":"Постановление","count":5041},{"name":"Приказ","count":310},{"name":"Указ","count":661}]},{"name":"Ульяновская область","id":78,"count":11310,"stat":[{"name":"Закон","count":1542},{"name":"Постановление","count":6479},{"name":"Приказ","count":2350},{"name":"Распоряжение","count":3},{"name":"Указ","count":936}]},{"name":"Чувашская Республика - Чувашия","id":24,"count":13110,"stat":[{"name":"Закон","count":967},{"name":"Постановление","count":6538},{"name":"Приказ","count":3766},{"name":"Распоряжение","count":79},{"name":"Сообщение о принятии Решения","count":3},{"name":"Указ","count":1757}]}]},{"name":"Сибирский Федеральный округ","id":6,"count":87247,"stat":[{"name":"Апелляционное определение","count":1},{"name":"Закон","count":7669},{"name":"Извещение","count":24},{"name":"Постановление","count":58980},{"name":"Приказ","count":14703},{"name":"Распоряжение","count":4278},{"name":"Решение","count":2},{"name":"Сообщение о принятии Решения","count":2},{"name":"Указ","count":1588}],"regions":[{"name":"Курганская область","id":51,"count":9610,"stat":[{"name":"Апелляционное определение","count":1},{"name":"Закон","count":1121},{"name":"Извещение","count":24},{"name":"Постановление","count":6524},{"name":"Приказ","count":1600},{"name":"Распоряжение","count":2},{"name":"Решение","count":1},{"name":"Указ","count":337}]},{"name":"Свердловская область","id":71,"count":17467,"stat":[{"name":"Закон","count":1394},{"name":"Постановление","count":9888},{"name":"Приказ","count":4902},{"name":"Распоряжение","count":32},{"name":"Указ","count":1251}]},{"name":"Тюменская область","id":77,"count":10856,"stat":[{"name":"Закон","count":1087},{"name":"Постановление","count":8725},{"name":"Распоряжение","count":1044}]},{"name":"Ханты-Мансийский автономный округ - Югра","id":87,"count":14244,"stat":[{"name":"Закон","count":1122},{"name":"Постановление","count":10035},{"name":"Приказ","count":3086},{"name":"Решение","count":1}]},{"name":"Челябинская область","id":80,"count":14557,"stat":[{"name":"Закон","count":1730},{"name":"Постановление","count":10059},{"name":"Приказ","count":307},{"name":"Распоряжение","count":2461}]},{"name":"Ямало-Ненецкий автономный округ","id":89,"count":20513,"stat":[{"name":"Закон","count":1215},{"name":"Постановление","count":13749},{"name":"Приказ","count":4808},{"name":"Распоряжение","count":739},{"name":"Сообщение о принятии Решения","count":2}]}]},{"name":"Дальневосточный Федеральный округ","id":7,"count":150845,"stat":[{"name":"Апелляционное определение","count":48},{"name":"Закон","count":10884},{"name":"Закон о внесении поправок в Устав Красноярского края","count":11},{"name":"Закон о поправках к Уставу","count":7},{"name":"Конституционный закон","count":89},{"name":"Постановление","count":63009},{"name":"Приказ","count":63172},{"name":"Распоряжение","count":2492},{"name":"Решение","count":4448},{"name":"Соглашение","count":3},{"name":"Сообщение о принятии Решения","count":87},{"name":"Сообщение о судебном Решении","count":1},{"name":"Указ","count":6549},{"name":"Уставный закон","count":45}],"regions":[{"name":"Алтайский край","id":25,"count":21745,"stat":[{"name":"Закон","count":1069},{"name":"Постановление","count":4241},{"name":"Приказ","count":10965},{"name":"Распоряжение","count":56},{"name":"Решение","count":4377},{"name":"Сообщение о принятии Решения","count":10},{"name":"Указ","count":1027}]},{"name":"Красноярский край","id":29,"count":9096,"stat":[{"name":"Закон","count":1281},{"name":"Закон о внесении поправок в Устав Красноярского края","count":11},{"name":"Постановление","count":6533},{"name":"Приказ","count":322},{"name":"Сообщение о принятии Решения","count":4},{"name":"Указ","count":900},{"name":"Уставный закон","count":45}]},{"name":"Омская область","id":61,"count":28277,"stat":[{"name":"Апелляционное определение","count":15},{"name":"Закон","count":962},{"name":"Постановление","count":4961},{"name":"Приказ","count":19062},{"name":"Распоряжение","count":1261},{"name":"Решение","count":67},{"name":"Соглашение","count":3},{"name":"Сообщение о принятии Решения","count":16},{"name":"Указ","count":1930}]},{"name":"Республика Хакасия","id":22,"count":7187,"stat":[{"name":"Апелляционное определение","count":15},{"name":"Закон","count":911},{"name":"Конституционный закон","count":3},{"name":"Постановление","count":5885},{"name":"Приказ","count":366},{"name":"Решение","count":2},{"name":"Сообщение о принятии Решения","count":4},{"name":"Сообщение о судебном Решении","count":1}]},{"name":"Иркутская область","id":45,"count":26541,"stat":[{"name":"Апелляционное определение","count":16},{"name":"Закон","count":1227},{"name":"Закон о поправках к Уставу","count":7},{"name":"Постановление","count":9588},{"name":"Приказ","count":14391},{"name":"Сообщение о принятии Решения","count":19},{"name":"Указ","count":1293}]},{"name":"Кемеровская область - Кузбасс","id":48,"count":12366,"stat":[{"name":"Закон","count":1251},{"name":"Постановление","count":9893},{"name":"Приказ","count":1074},{"name":"Распоряжение","count":146},{"name":"Решение","count":1},{"name":"Сообщение о принятии Решения","count":1}]},{"name":"Новосибирская область","id":60,"count":13016,"stat":[{"name":"Апелляционное определение","count":1},{"name":"Закон","count":932},{"name":"Постановление","count":7327},{"name":"Приказ","count":4742},{"name":"Сообщение о принятии Решения","count":14}]},{"name":"Республика Алтай","id":2,"count":8540,"stat":[{"name":"Закон","count":833},{"name":"Конституционный закон","count":18},{"name":"Постановление","count":4026},{"name":"Приказ","count":2999},{"name":"Указ","count":664}]},{"name":"Республика Тыва","id":20,"count":8002,"stat":[{"name":"Закон","count":917},{"name":"Конституционный закон","count":68},{"name":"Постановление","count":4729},{"name":"Приказ","count":523},{"name":"Распоряжение","count":1029},{"name":"Решение","count":1},{"name":"Указ","count":735}]},{"name":"Томская область","id":75,"count":16075,"stat":[{"name":"Апелляционное определение","count":1},{"name":"Закон","count":1501},{"name":"Постановление","count":5826},{"name":"Приказ","count":8728},{"name":"Сообщение о принятии Решения","count":19}]}]},{"name":"Северо-Кавказский Федеральный округ","id":8,"count":132776,"stat":[{"name":"Апелляционное определение","count":51},{"name":"Закон","count":13326},{"name":"Конституционный закон","count":10},{"name":"Постановление","count":79522},{"name":"Постановление Правления","count":358},{"name":"Приказ","count":21718},{"name":"Распоряжение","count":12134},{"name":"Решение","count":24},{"name":"Сообщение о принятии Решения","count":48},{"name":"Сообщение о судебном Решении","count":2},{"name":"Указ","count":5582},{"name":"Устав","count":1}],"regions":[{"name":"Амурская область","id":34,"count":13092,"stat":[{"name":"Апелляционное определение","count":1},{"name":"Закон","count":1494},{"name":"Постановление","count":10296},{"name":"Приказ","count":1043},{"name":"Распоряжение","count":231},{"name":"Решение","count":16},{"name":"Сообщение о принятии Решения","count":11}]},{"name":"Республика Бурятия","id":4,"count":15464,"stat":[{"name":"Апелляционное определение","count":15},{"name":"Закон","count":1291},{"name":"Постановление","count":6256},{"name":"Приказ","count":2250},{"name":"Распоряжение","count":4233},{"name":"Решение","count":1},{"name":"Сообщение о принятии Решения","count":4},{"name":"Указ","count":1414}]},{"name":"Еврейская автономная область","id":85,"count":8743,"stat":[{"name":"Закон","count":1332},{"name":"Постановление","count":5984},{"name":"Распоряжение","count":1427}]},{"name":"Забайкальский край","id":26,"count":9699,"stat":[{"name":"Апелляционное определение","count":1},{"name":"Закон","count":1170},{"name":"Постановление","count":6345},{"name":"Приказ","count":1976},{"name":"Распоряжение","count":188},{"name":"Сообщение о принятии Решения","count":19}]},{"name":"Камчатский край","id":27,"count":13757,"stat":[{"name":"Апелляционное определение","count":15},{"name":"Закон","count":1284},{"name":"Постановление","count":8812},{"name":"Приказ","count":3626},{"name":"Распоряжение","count":14},{"name":"Сообщение о принятии Решения","count":6}]},{"name":"Магаданская область","id":55,"count":7978,"stat":[{"name":"Закон","count":1035},{"name":"Постановление","count":5462},{"name":"Приказ","count":278},{"name":"Распоряжение","count":495},{"name":"Сообщение о судебном Решении","count":2},{"name":"Указ","count":706}]},{"name":"Приморский край","id":31,"count":17908,"stat":[{"name":"Закон","count":1961},{"name":"Постановление","count":12158},{"name":"Приказ","count":2340},{"name":"Распоряжение","count":1449}]},{"name":"Республика Саха (Якутия)","id":17,"count":12471,"stat":[{"name":"Апелляционное определение","count":15},{"name":"Закон","count":1159},{"name":"Конституционный закон","count":10},{"name":"Постановление","count":5261},{"name":"Приказ","count":2507},{"name":"Распоряжение","count":600},{"name":"Решение","count":1},{"name":"Сообщение о принятии Решения","count":6},{"name":"Указ","count":2912}]},{"name":"Сахалинская область","id":70,"count":14801,"stat":[{"name":"Апелляционное определение","count":4},{"name":"Закон","count":968},{"name":"Постановление","count":5494},{"name":"Приказ","count":6994},{"name":"Распоряжение","count":785},{"name":"Решение","count":6},{"name":"Указ","count":550}]},{"name":"Хабаровский край","id":33,"count":11842,"stat":[{"name":"Закон","count":851},{"name":"Постановление","count":8279},{"name":"Распоряжение","count":2709},{"name":"Сообщение о принятии Решения","count":2},{"name":"Устав","count":1}]},{"name":"Чукотский автономный округ","id":88,"count":7021,"stat":[{"name":"Закон","count":781},{"name":"Постановление","count":5175},{"name":"Постановление Правления","count":358},{"name":"Приказ","count":704},{"name":"Распоряжение","count":3}]}]}]}]