{
    "name": "Всего нормативно-правовых актов",
    "count": 1009000,
    "stat": [
        { "name": "Закон", "count": 10609 },
        { "name": "Постановление", "count": 42108 },
        { "name": "Приказ", "count": 100669 },
        { "name": "Распоряжение", "count": 560 },
        { "name": "Решение", "count": 43031 },
        { "name": "Сообщение о принятии Решения", "count": 100 },
        { "name": "Указ", "count": 10021 }
    ],
    "districts": [
        {
            "name": "Центральный Федеральный Округ",
            "count": 100200,
            "stat": [
                { "name": "Закон", "count": 1060 },
                { "name": "Постановление", "count": 4210 },
                { "name": "Приказ", "count": 10066 },
                { "name": "Распоряжение", "count": 56 },
                { "name": "Решение", "count": 43031 },
                { "name": "Сообщение о принятии Решения", "count": 10 },
                { "name": "Указ", "count": 1002 }
            ],
            "regions": [
                {
                    "name": "Алтайский край",
                    "count": 21374,
                    "stat": [
                        { "name": "Закон", "count": 1069 },
                        { "name": "Постановление", "count": 4218 },
                        { "name": "Приказ", "count": 10669 },
                        { "name": "Распоряжение", "count": 56 },
                        { "name": "Решение", "count": 4331 },
                        { "name": "Сообщение о принятии Решения", "count": 10 },
                        { "name": "Указ", "count": 1021 }
                    ]
                },
                {
                    "name": "Амурская область",
                    "count": 12892,
                    "stat": [
                        { "name": "Апелляционное определение", "count": 1 },
                        { "name": "Закон", "count": 1492 },
                        { "name": "Постановление", "count": 10243 },
                        { "name": "Приказ", "count": 898 },
                        { "name": "Распоряжение", "count": 231 },
                        { "name": "Решение", "count": 16 },
                        { "name": "Сообщение о принятии Решения", "count": 11 }
                    ]
                },
                {
                    "name": "Архангельская область",
                    "count": 19599,
                    "stat": [
                        { "name": "Областной закон", "count": 1182 },
                        { "name": "Постановление", "count": 17199 },
                        { "name": "Сообщение о принятии Решения", "count": 82 },
                        { "name": "Указ", "count": 1136 }
                    ]
                },
                {
                    "name": "Астраханская область",
                    "count": 11352,
                    "stat": [
                        { "name": "Закон", "count": 954 },
                        { "name": "Постановление", "count": 10195 },
                        { "name": "Приказ", "count": 8 },
                        { "name": "Распоряжение", "count": 194 },
                        { "name": "Устав", "count": 1 }
                    ]
                }
            ]
        },
        {
            "name": "Second district",
            "count": 100540,
            "stat": [
                { "name": "Закон", "count": 435434 },
                { "name": "Постановление", "count": 4215420 },
                { "name": "Приказ", "count": 5352 },
                { "name": "Распоряжение", "count": 52323 },
                { "name": "Указ", "count": 100342 }
            ],
            "regions": [
                {
                    "name": "Курская область",
                    "count": 9400,
                    "stat": [{ "name": "Постановление", "count": 9400 }]
                },
                {
                    "name": "Луганская Народная Республика",
                    "count": 76,
                    "stat": [
                        { "name": "Закон", "count": 11 },
                        { "name": "Постановление", "count": 29 },
                        { "name": "Приказ", "count": 11 },
                        { "name": "Распоряжение", "count": 19 },
                        { "name": "Указ", "count": 6 }
                    ]
                },
                {
                    "name": "Пермский край",
                    "count": 13459,
                    "stat": [
                        { "name": "Закон", "count": 1229 },
                        { "name": "Постановление", "count": 9675 },
                        { "name": "Приказ", "count": 1172 },
                        { "name": "Сообщение о принятии Решения", "count": 23 },
                        { "name": "Указ", "count": 1360 }
                    ]
                },
                {
                    "name": "Приморский край",
                    "count": 17810,
                    "stat": [
                        { "name": "Закон", "count": 1961 },
                        { "name": "Постановление", "count": 12078 },
                        { "name": "Приказ", "count": 2332 },
                        { "name": "Распоряжение", "count": 1439 }
                    ]
                },
                {
                    "name": "Республика Адыгея",
                    "count": 9036,
                    "stat": [
                        { "name": "Закон", "count": 967 },
                        { "name": "Конституционный закон", "count": 11 },
                        { "name": "Постановление", "count": 2882 },
                        { "name": "Приказ", "count": 3056 },
                        { "name": "Распоряжение", "count": 1096 },
                        { "name": "Решение", "count": 5 },
                        { "name": "Указ", "count": 1019 }
                    ]
                },
                {
                    "name": "Республика Алтай",
                    "count": 8496,
                    "stat": [
                        { "name": "Закон", "count": 832 },
                        { "name": "Конституционный закон", "count": 18 },
                        { "name": "Постановление", "count": 4007 },
                        { "name": "Приказ", "count": 2977 },
                        { "name": "Указ", "count": 662 }
                    ]
                },
                {
                    "name": "Республика Башкортостан",
                    "count": 3171,
                    "stat": [
                        { "name": "Закон", "count": 926 },
                        { "name": "Постановление", "count": 1103 },
                        { "name": "Приказ", "count": 297 },
                        { "name": "Указ", "count": 845 }
                    ]
                }
            ]
        },
        {
            "name": "Third district",
            "count": 10340,
            "stat": [
                { "name": "Закон", "count": 435434 },

                { "name": "Распоряжение", "count": 52323 },
                { "name": "Указ", "count": 100342 }
            ],
            "regions": [
                {
                    "name": "Республика Бурятия",
                    "count": 15393,
                    "stat": [
                        { "name": "Апелляционное определение", "count": 15 },
                        { "name": "Закон", "count": 1287 },
                        { "name": "Постановление", "count": 6231 },
                        { "name": "Приказ", "count": 2237 },
                        { "name": "Распоряжение", "count": 4207 },
                        { "name": "Решение", "count": 1 },
                        { "name": "Сообщение о принятии Решения", "count": 4 },
                        { "name": "Указ", "count": 1411 }
                    ]
                },
                {
                    "name": "Республика Дагестан",
                    "count": 9262,
                    "stat": [
                        { "name": "Закон", "count": 787 },
                        { "name": "Постановление", "count": 2552 },
                        { "name": "Приказ", "count": 486 },
                        { "name": "Распоряжение", "count": 3831 },
                        { "name": "Указ", "count": 1606 }
                    ]
                }
            ]
        }
    ]
}
