[
{"id": 1, "name": "Центральный Федеральный округ"},
{"id": 2, "name": "Северо-Западный Федеральный округ"},
{"id": 3, "name": "Южный Федеральный округ"},
{"id": 4, "name": "Приволжский Федеральный округ"},
{"id": 5, "name": "Уральский Федеральный округ"},
{"id": 6, "name": "Сибирский Федеральный округ"},
{"id": 7, "name": "Дальневосточный Федеральный округ"},
{"id": 8, "name": "Северо-Кавказский Федеральный округ"}
]