[
{"id_dist": 8, "name": "Амурская область"},
{"id_dist": 7, "name": "Алтайский край"},
{"id_dist": 3, "name": "Астраханская область"},
{"id_dist": 2, "name": "Архангельская область"},
{"id_dist": 1, "name": "Брянская область"},
{"id_dist": 1, "name": "Белгородская область"},
{"id_dist": 3, "name": "Волгоградская область"},
{"id_dist": 1, "name": "Владимирская область"},
{"id_dist": 1, "name": "Воронежская область"},
{"id_dist": 2, "name": "Вологодская область"},
{"id_dist": 8, "name": "Еврейская автономная область"},
{"id_dist": 3, "name": "Донецкая Народная Республика"},
{"id_dist": 3, "name": "Запорожская область"},
{"id_dist": 8, "name": "Забайкальский край"},
{"id_dist": 7, "name": "Иркутская область"},
{"id_dist": 1, "name": "Ивановская область"},
{"id_dist": 2, "name": "Калининградская область"},
{"id_dist": 4, "name": "Кабардино-Балкарская Республика"},
{"id_dist": 8, "name": "Камчатский край"},
{"id_dist": 1, "name": "Калужская область"},
{"id_dist": 7, "name": "Кемеровская область - Кузбасс"},
{"id_dist": 4, "name": "Карачаево-Черкесская Республика"},
{"id_dist": 1, "name": "Костромская область"},
{"id_dist": 5, "name": "Кировская область"},
{"id_dist": 7, "name": "Красноярский край"},
{"id_dist": 3, "name": "Краснодарский край"},
{"id_dist": 1, "name": "Курская область"},
{"id_dist": 6, "name": "Курганская область"},
{"id_dist": 1, "name": "Липецкая область"},
{"id_dist": 2, "name": "Ленинградская область"},
{"id_dist": 8, "name": "Магаданская область"},
{"id_dist": 3, "name": "Луганская Народная Республика"},
{"id_dist": 1, "name": "Московская область"},
{"id_dist": 1, "name": "Москва"},
{"id_dist": 2, "name": "Ненецкий автономный округ"},
{"id_dist": 2, "name": "Мурманская область"},
{"id_dist": 2, "name": "Новгородская область"},
{"id_dist": 5, "name": "Нижегородская область"},
{"id_dist": 7, "name": "Омская область"},
{"id_dist": 7, "name": "Новосибирская область"},
{"id_dist": 1, "name": "Орловская область"},
{"id_dist": 5, "name": "Оренбургская область"},
{"id_dist": 5, "name": "Пермский край"},
{"id_dist": 5, "name": "Пензенская область"},
{"id_dist": 2, "name": "Псковская область"},
{"id_dist": 8, "name": "Приморский край"},
{"id_dist": 7, "name": "Республика Алтай"},
{"id_dist": 5, "name": "Республика Башкортостан"},
{"id_dist": 3, "name": "Республика Адыгея"},
{"id_dist": 4, "name": "Республика Дагестан"},
{"id_dist": 8, "name": "Республика Бурятия"},
{"id_dist": 3, "name": "Республика Калмыкия"},
{"id_dist": 4, "name": "Республика Ингушетия"},
{"id_dist": 2, "name": "Республика Коми"},
{"id_dist": 2, "name": "Республика Карелия"},
{"id_dist": 5, "name": "Республика Марий Эл"},
{"id_dist": 3, "name": "Республика Крым"},
{"id_dist": 8, "name": "Республика Саха (Якутия)"},
{"id_dist": 5, "name": "Республика Мордовия"},
{"id_dist": 5, "name": "Республика Татарстан"},
{"id_dist": 4, "name": "Республика Северная Осетия - Алания"},
{"id_dist": 7, "name": "Республика Хакасия"},
{"id_dist": 7, "name": "Республика Тыва"},
{"id_dist": 1, "name": "Рязанская область"},
{"id_dist": 3, "name": "Ростовская область"},
{"id_dist": 2, "name": "Санкт-Петербург"},
{"id_dist": 5, "name": "Самарская область"},
{"id_dist": 8, "name": "Сахалинская область"},
{"id_dist": 5, "name": "Саратовская область"},
{"id_dist": 3, "name": "Севастополь"},
{"id_dist": 6, "name": "Свердловская область"},
{"id_dist": 4, "name": "Ставропольский край"},
{"id_dist": 1, "name": "Смоленская область"},
{"id_dist": 1, "name": "Тверская область"},
{"id_dist": 1, "name": "Тамбовская область"},
{"id_dist": 1, "name": "Тульская область"},
{"id_dist": 7, "name": "Томская область"},
{"id_dist": 5, "name": "Удмуртская Республика"},
{"id_dist": 6, "name": "Тюменская область"},
{"id_dist": 8, "name": "Хабаровский край"},
{"id_dist": 5, "name": "Ульяновская область"},
{"id_dist": 3, "name": "Херсонская область"},
{"id_dist": 6, "name": "Ханты-Мансийский автономный округ - Югра"},
{"id_dist": 4, "name": "Чеченская Республика"},
{"id_dist": 6, "name": "Челябинская область"},
{"id_dist": 8, "name": "Чукотский автономный округ"},
{"id_dist": 5, "name": "Чувашская Республика - Чувашия"},
{"id_dist": 1, "name": "Ярославская область"},
{"id_dist": 6, "name": "Ямало-Ненецкий автономный округ"}
]