{
  "name": "Распределение регионов по округам",
  "count": 3,
  "districts": [
    {
      "name": "Центральный Федеральный округ",
      "count": 4,
      "regions": [
        {
          "id": 1,
          "name": "Республика Адыгея",
          "code": "region01",
          "checked": false
        },
        {
          "id": 2,
          "name": "Республика Алтай",
          "code": "region04",
          "checked": false
        },
        {
          "id": 3,
          "name": "Республика Башкортостан",
          "code": "region02",
          "checked": false
        },
        {
          "id": 4,
          "name": "Республика Бурятия",
          "code": "region03",
          "checked": false
        }
      ]
    },
    {
      "name": "Южный Федеральный округ",
      "count": 3,
      "regions": [
        {
          "id": 5,
          "name": "Республика Адыгея",
          "code": "region01",
          "checked": false
        },
        {
          "id": 6,
          "name": "Республика Алтай",
          "code": "region04",
          "checked": false
        },
        {
          "id": 7,
          "name": "Республика Башкортостан",
          "code": "region02",
          "checked": false
        }
      ]
    },
    {
      "name": "Южный Федеральный округ",
      "count": 2,
      "regions": [
        {
          "id": 8,
          "name": "Республика Адыгея",
          "code": "region01",
          "checked": false
        },
        {
          "id": 9,
          "name": "Республика Алтай",
          "code": "region04",
          "checked": false
        }
      ]
    }
  ]
}
